id,sample_id,category,turkish,predicted_gloss,rewritten,conditions
prac_708-03,708-03,plain,İneklerin hepsi koca kafalı.,İNEK HEPSİ KOCA KAFA,İNEK HEPSİ KOCA KAFA,avatar
it_02-01,02-01,plain,O işe gelmedi.,O İŞ GELMEK^DEĞİL,O İŞ GELMEK DEĞİL,avatar|gold|retarget
it_1003-03,1003-03,agreement,"Ben müzik öğretmeniyim, ilkokul öğrencilerine derste flütü nasıl üfleyeceklerini anlattım.",BEN MÜZİK ÖĞRETMEN BEN İLKOKUL ÖĞRENCİLER ÖĞRETMEK ÖĞRETMEK FLÜT ÜFLEMEK ÖĞRETMEK ÖĞRETMEK,BEN MÜZİK ÖĞRETMEN BEN İLKOKUL ÖĞRENCİLER IX3b 1ÖĞRETMEK3b 1ÖĞRETMEK3b FLÜT ÜFLEMEK 1ÖĞRETMEK3b 1ÖĞRETMEK3b,avatar|gold|retarget
it_1026-02,1026-02,agreement,"Arkadaşım beni evine davet etti. İki odalı, dar bir evde oturuyor. Sıkışarak oturabildik. Ben bu kadar dar bir evde oturamam.",BEN ARKADAŞ EV DAVET ETMEK BEN GİTMEK EV İÇ İKİ ODA DAR BEN SIKILMAK BEN BU EV OTURMAK^DEĞİL,BEN ARKADAŞ IX3a EV IX3b 3aDAVET ETMEK3b BEN GİTMEK EV İÇ İKİ ODA DAR BEN SIKILMAK BEN BU EV OTURMAK DEĞİL,avatar|gold|retarget
it_1052-03,1052-03,agreement,"Kar yağdığında çocuğun biri sürekli bana kar topu atıyordu, çok sinir oldum ve ona nişan alarak kar tapu ile onu tam hedeften vurdum.",KAR YAĞMAK ÇOCUK KAR TOPU ATMAK ATMAK BEN SİNİRLENMEK BEN NİŞAN ALMAK ATMAK TAM VURMAK,KAR YAĞMAK ÇOCUK KAR TOPU ATMAK ATMAK BEN SİNİRLENMEK BEN NİŞAN IX3b 1ALMAK3b ATMAK TAM VURMAK,avatar|gold|retarget
it_1201-01,1201-01,agreement,Tiyatro oyunumuz için on iki kişilik bir takım oluşturduk ve oyuna çalıştırdık. Herkes hazır olunca da insanları davet edip oyunumuzu sunduk.,TİYATRO OYUN İÇİN ONİKİ KİŞİ TAKIM OLMAK ÇALIŞMAK ÇALIŞMAK HAZIR OLMAK İNSANLAR DAVET ETMEK TİYATRO OYUN OYNAMAK,TİYATRO OYUN İÇİN ONİKİ KİŞİ TAKIM OLMAK ÇALIŞMAK ÇALIŞMAK HAZIR OLMAK İNSANLAR IX3b 1DAVET ETMEK3b TİYATRO OYUN OYNAMAK,avatar|gold|retarget
it_1217-01,1217-01,agreement,"Oğlum yüzmeyi bilmediği için sürekli batıyordu, şimdi ona öğrettim ve çok güzel yüzüyor.",BEN OĞUL YÜZMEK BİLMEK^DEĞİL YÜZMEK BİLMEK^DEĞİL YÜZMEK BİLMEK^DEĞİL BEN ÖĞRETMEK ÖĞRETMEK ŞİMDİ YÜZMEK B,BEN OĞUL YÜZMEK BİLMEK DEĞİL YÜZMEK BİLMEK DEĞİL YÜZMEK BİLMEK DEĞİL IX3a BEN 3aÖĞRETMEK1 3aÖĞRETMEK1 ŞİMDİ YÜZMEK B,avatar|gold|retarget
it_1330-01,1330-01,agreement,"Kız kardeşim evlenirken damat tarafı gelin almaya geldiği zaman, kırmızı kurdele bağlandıktan sonra onu (evden) çıkardık.",BEN KIZ KARDEŞ EVLENMEK DAMAT GELMEK GELİN ALMAK İÇİN ÖNCE KURDELE BAĞLAMAK BAĞLAMAK SONRA GELİN ÇIKARMAK,BEN KIZ KARDEŞ EVLENMEK DAMAT GELMEK GELİN IX3b 1ALMAK3b İÇİN ÖNCE KURDELE BAĞLAMAK BAĞLAMAK SONRA GELİN ÇIKARMAK,avatar|gold|retarget
it_1406-02,1406-02,oov,"İşaret dilini öğrendikten sonra, öğretmenlik yapmaya başladım ve ilk ayak bastığım yer kolej oldu.",BEN İŞARET DİL ÖĞRENMEK ÖĞRENMEK BİTMEK ÖĞRETMEN OLMAK İLK KOLEJ GİTMEK,BEN İŞARET DİL ÖĞRENMEK ÖĞRENMEK BİTMEK ÖĞRETMEN OLMAK İLK KOLEJ GİTMEK,avatar|gold|retarget
it_1467-01,1467-01,oov,"Arabamı temizlettikten sonra üzerini bezle örttüm. Yakında düğün var, kirlenmesini istemiyorum.",BEN ARABA TEMİZLEMEK BİTMEK BEZ ÖRTMEK ÖRTMEK YAKIN DÜĞÜN VAR ARABA KİRLENMEK İSTEMEK^DEĞİL,BEN ARABA TEMİZLEMEK BİTMEK BEZ ÖRTMEK ÖRTMEK YAKIN DÜĞÜN VAR ARABA KİRLENMEK İSTEMEK DEĞİL,avatar|gold|retarget
it_1503-01,1503-01,oov,"Odadan henüz çıkmıştım ki, arkamdam birçok olay olmuş. Döndüğümde olanları anlattılar, ağzım açık kaldı.",BEN YENİ ODA ÇIKMAK ARKADA OLAY OLAY OLAY BEN DÖNMEK ANLATMAK ANLATMAK BEN AĞIZ AÇIK KALMAK,BEN YENİ ODA ÇIKMAK ARKADA OLAY OLAY OLAY BEN DÖNMEK ANLATMAK ANLATMAK BEN AĞIZ AÇIK KALMAK,avatar|gold|retarget
it_1546-01,1546-01,plain,Eskiden çok hastaydım. Elhamdülillah iyileştim.,BEN ESKİ HASTA ÇOK FAZLA ŞİMDİ ELHAMDÜLİLLAH İYİLEŞMEK,BEN ESKİ HASTA ÇOK FAZLA ŞİMDİ ELHAMDÜLİLLAH İYİLEŞMEK,avatar|gold|retarget
it_1663-01,1663-01,fingerspell,"Amerika'nın yeni başkanı Trump oldu, bu nedenle herkes korkup kendi ülkesine kaçtı.",AMERİKA YENİ BAŞKAN TRUMP OLMAK HERKES KORKMAK KAÇMAK KAÇMAK,AMERİKA YENİ BAŞKAN TRUMP OLMAK HERKES KORKMAK KAÇMAK KAÇMAK,avatar|gold|retarget
it_1672-02,1672-02,oov,Arkadaşlarla birlikte Rize'ye gittik ve hep birlikte yaylaya çıktık. Havası ve manzarası çok güzeldi.,BEN ARKADAŞ GRUP BERABER RİZE GİTMEK YAYLA ÇIKMAK HAVA MANZARA GÜZEL,BEN ARKADAŞ GRUP BERABER RİZE GİTMEK YAYLA ÇIKMAK HAVA MANZARA GÜZEL,avatar|gold|retarget
it_1687-02,1687-02,plain,İnsanlara alçaltıcı davranılmamalıdır. Bütün insanlar eşittir.,İNSAN HEPSİ ALÇALMAK YAPMAK^DEĞİL EŞİT,İNSAN HEPSİ ALÇALMAK YAPMAK DEĞİL EŞİT,avatar|gold|retarget
it_1917-02,1917-02,plain,"Benim gözlerim mavi, saçlarım sarı olduğu için arkadaşlarım sürekli Alman mısın? diye soruyorlar. Ben de onlara hayır Türkiye'de doğdum (Türküm) diyorum.",BEN GÖZ MAVİ SAÇ SARI ARKADAŞ ALMAN? ALMAN? SORMAK SORMAK BEN HAYIR TÜRKİYE DOĞMAK TÜRK BEN,BEN GÖZ MAVİ SAÇ SARI ARKADAŞ ALMAN? ALMAN? SORMAK SORMAK BEN HAYIR TÜRKİYE DOĞMAK TÜRK BEN,avatar|gold|retarget
it_241-06,241-06,oov,"Bugün sevgilimle yıl dönümümüz. Bir cafe bulmuş ve bana sürpriz yapmak için orayı bizim için kapatmış. İçeri girdiğimde hiç kimse yoktu, içerisi bomboştu.",BUGÜN SEVGİLİ YIL DÖNÜM VAR SEVGİLİ SÜRPRİZ CAFE GİTMEK KİŞİ HEPSİ SIFIR (BOŞ) SEVGİLİ SÜRPRİZ BEN GİTMEK,BUGÜN SEVGİLİ YIL DÖNÜM VAR SEVGİLİ SÜRPRİZ CAFE GİTMEK KİŞİ HEPSİ SIFIR BOŞ SEVGİLİ SÜRPRİZ BEN GİTMEK,avatar|gold|retarget
it_280-04,280-04,plain,"O adam çok okuyan, kültürlü bir kişi.",O ADAM KİŞİ OKUMAK KÜLTÜR BİLMEK ÇOK FAZLA,O ADAM KİŞİ OKUMAK KÜLTÜR BİLMEK ÇOK FAZLA,avatar|gold|retarget
it_299-01,299-01,agreement,Öğretmenin verdiği tarih ödevini kütüphanede ararştırarak bulabildim.,ÖĞRETMEN TARİH ÖDEV VERMEK BEN KÜTÜPHANE GİTMEK ARAŞTIRMAK ARAŞTIRMAK BULMAK,ÖĞRETMEN TARİH IX3a ÖDEV IX3b 3aVERMEK3b BEN KÜTÜPHANE GİTMEK ARAŞTIRMAK ARAŞTIRMAK BULMAK,avatar|gold|retarget
it_486-03,486-03,plain,Yarın iki dersten sınavım var. Mecburen çok çalışacağım.,YARIN OKUL İKİ DERSE SINAV VAR MECBUR ÇALIŞMAK ÇALIŞMAK,YARIN OKUL İKİ DERSE SINAV VAR MECBUR ÇALIŞMAK ÇALIŞMAK,avatar|gold|retarget
it_492-03,492-03,plain,"Arkadaşımın kötü hiçbir huyu yok. Çok temiz biri, ona çok güveniyorum.",BEN ARKADAŞ O KİŞİ KÖTÜ HİÇ TEMİZ GÜVENMEK,BEN ARKADAŞ O KİŞİ KÖTÜ HİÇ TEMİZ GÜVENMEK,avatar|gold|retarget
it_573-04,573-04,oov,Dernek kongresinde aday olan iki kişi vardı ve puanları da aynı olunca ikisinin birleşerek birlikte çalışmasına karar verildi.,DERNEK KONGRE İKİ KİŞİ ADAY OLMAK PUAN AYNI BERABERE OLMAK İKİ KİŞİ BİRLEŞMEK BERABER ÇALIŞMAK,DERNEK KONGRE İKİ KİŞİ ADAY OLMAK PUAN AYNI BERABERE OLMAK İKİ KİŞİ BİRLEŞMEK BERABER ÇALIŞMAK,avatar|gold|retarget
it_63-01,63-01,plain,Dostumun iki kızı var.,BEN DOST İKİ KIZ VAR,BEN DOST İKİ KIZ VAR,avatar|gold|retarget
it_78-01,78-01,plain,Ben cümle kurmakta iyi değilim ancak kız kardeşim çok iyi biliyor.,BEN CÜMLE KURMAK İYİ^DEĞİL AMA KARDEŞ KIZ CÜMLE KURMAK ÇOK İYİ,BEN CÜMLE KURMAK İYİ DEĞİL AMA KARDEŞ KIZ CÜMLE KURMAK ÇOK İYİ,avatar|gold|retarget
it_820-01,820-01,oov,"Güvenliğimiz olmadığı için evime sürekli hırsız giriyor bu nedenle bende güvenliği, kamera sistemi olan bir siteye taşındım ama birgün buraya da hırsız girdi. Çünkü, güvenlik görevlisi sorumluluğunu yerine getirmemişti. Sonra polisler geldi ve bizler de ifade verdik.",BEN EV GÜVENLİK YOK HIRSIZ GİRMEK GİRMEK BEN SİTE TAŞINMAK GÜVENLİK VAR AMA BİR GÜN HIRSIZ GİRMEK GÜVENLİK SORUMLULUK BOŞVERMEK GÜVENLİK,BEN EV GÜVENLİK YOK HIRSIZ GİRMEK GİRMEK BEN SİTE TAŞINMAK GÜVENLİK VAR AMA BİR GÜN HIRSIZ GİRMEK GÜVENLİK SORUMLULUK BOŞVERMEK GÜVENLİK,avatar|gold|retarget
it_948-01,948-01,oov,Evdeki bilgisayarı kimin kullanacağı konusunda kardeşimle sürekli rekabet halindeydik. En iyisi saatli kullanmak diye karar verdik ve sabahları sen kullan akşamları ben kullanayım dedim. O da kabul edince sorun çözüldü.,BEN EV BİLGİSAYAR KİM KULLANMAK KİM KULLANMAK KARDEŞ REKABET REKABET EN İYİ SAAT SAAT KULLANMAK KARAR VERMEK BEN SABAH KULLANMAK AKŞAM KARDEŞ KULLANMAK,BEN EV BİLGİSAYAR KİM KULLANMAK KİM KULLANMAK KARDEŞ REKABET REKABET EN İYİ SAAT SAAT KULLANMAK KARAR VERMEK BEN SABAH KULLANMAK AKŞAM KARDEŞ KULLANMAK,avatar|gold|retarget
